configname,computername,username,job_starting_time,testname,itteration,elapsedtime
lfp-lts-lt.ini,SGH222T6M2,tcaine,2014_01_16_15_47_09,hycreate_01,1,0.990
lfp-lts-lt.ini,SGH222T6M2,tcaine,2014_01_16_15_47_09,hycreate_01,2,0.961
lfp-lts-lt.ini,SGH222T6M2,tcaine,2014_01_16_15_47_09,hycreate_01,3,0.960
lfp-lts-lt.ini,SGH222T6M2,tcaine,2014_01_16_15_47_09,hycreate_01,4,0.961
lfp-lts-lt.ini,SGH222T6M2,tcaine,2014_01_16_15_47_09,hycreate_01,5,0.964
lfp-lts-lt.ini,SGH222T6M2,tcaine,2014_01_16_15_47_09,hycreate_01_02,1,0.573
lfp-lts-lt.ini,SGH222T6M2,tcaine,2014_01_16_15_47_09,hycreate_01_02,2,0.574
lfp-lts-lt.ini,SGH222T6M2,tcaine,2014_01_16_15_47_09,hycreate_01_02,3,0.574
lfp-lts-lt.ini,SGH222T6M2,tcaine,2014_01_16_15_47_09,hycreate_01_02,4,0.574
lfp-lts-lt.ini,SGH222T6M2,tcaine,2014_01_16_15_47_09,hycreate_01_02,5,0.574
lfp-mts-lt.ini,SGH222T6M2,tcaine,2014_01_16_15_47_19,hycreate_01,1,1.030
lfp-mts-lt.ini,SGH222T6M2,tcaine,2014_01_16_15_47_19,hycreate_01,2,0.962
lfp-mts-lt.ini,SGH222T6M2,tcaine,2014_01_16_15_47_19,hycreate_01,3,0.960
lfp-mts-lt.ini,SGH222T6M2,tcaine,2014_01_16_15_47_19,hycreate_01,4,0.967
lfp-mts-lt.ini,SGH222T6M2,tcaine,2014_01_16_15_47_19,hycreate_01,5,0.955
lfp-mts-lt.ini,SGH222T6M2,tcaine,2014_01_16_15_47_19,hycreate_01_02,1,0.583
lfp-mts-lt.ini,SGH222T6M2,tcaine,2014_01_16_15_47_19,hycreate_01_02,2,0.567
lfp-mts-lt.ini,SGH222T6M2,tcaine,2014_01_16_15_47_19,hycreate_01_02,3,0.574
lfp-mts-lt.ini,SGH222T6M2,tcaine,2014_01_16_15_47_19,hycreate_01_02,4,0.565
lfp-mts-lt.ini,SGH222T6M2,tcaine,2014_01_16_15_47_19,hycreate_01_02,5,0.576
mfp-lts-lt.ini,SGH222T6M2,tcaine,2014_01_16_15_47_29,hycreate_01,1,1.481
mfp-lts-lt.ini,SGH222T6M2,tcaine,2014_01_16_15_47_29,hycreate_01,2,1.202
mfp-lts-lt.ini,SGH222T6M2,tcaine,2014_01_16_15_47_29,hycreate_01,3,1.140
mfp-lts-lt.ini,SGH222T6M2,tcaine,2014_01_16_15_47_29,hycreate_01,4,1.147
mfp-lts-lt.ini,SGH222T6M2,tcaine,2014_01_16_15_47_29,hycreate_01,5,1.155
mfp-lts-lt.ini,SGH222T6M2,tcaine,2014_01_16_15_47_29,hycreate_01_02,1,0.703
mfp-lts-lt.ini,SGH222T6M2,tcaine,2014_01_16_15_47_29,hycreate_01_02,2,0.694
mfp-lts-lt.ini,SGH222T6M2,tcaine,2014_01_16_15_47_29,hycreate_01_02,3,0.734
mfp-lts-lt.ini,SGH222T6M2,tcaine,2014_01_16_15_47_29,hycreate_01_02,4,0.724
mfp-lts-lt.ini,SGH222T6M2,tcaine,2014_01_16_15_47_29,hycreate_01_02,5,0.704
mfp-mts-lt.ini,SGH222T6M2,tcaine,2014_01_16_15_47_41,hycreate_01,1,1.381
mfp-mts-lt.ini,SGH222T6M2,tcaine,2014_01_16_15_47_41,hycreate_01,2,1.242
mfp-mts-lt.ini,SGH222T6M2,tcaine,2014_01_16_15_47_41,hycreate_01,3,1.139
mfp-mts-lt.ini,SGH222T6M2,tcaine,2014_01_16_15_47_41,hycreate_01,4,1.107
mfp-mts-lt.ini,SGH222T6M2,tcaine,2014_01_16_15_47_41,hycreate_01,5,1.145
mfp-mts-lt.ini,SGH222T6M2,tcaine,2014_01_16_15_47_41,hycreate_01_02,1,0.723
mfp-mts-lt.ini,SGH222T6M2,tcaine,2014_01_16_15_47_41,hycreate_01_02,2,0.734
mfp-mts-lt.ini,SGH222T6M2,tcaine,2014_01_16_15_47_41,hycreate_01_02,3,0.736
mfp-mts-lt.ini,SGH222T6M2,tcaine,2014_01_16_15_47_41,hycreate_01_02,4,0.714
mfp-mts-lt.ini,SGH222T6M2,tcaine,2014_01_16_15_47_41,hycreate_01_02,5,0.744
lsql-lts-lt.ini,SGH222T6M2,tcaine,2014_01_16_15_47_53,hycreate_01,1,1.640
lsql-lts-lt.ini,SGH222T6M2,tcaine,2014_01_16_15_47_53,hycreate_01,2,1.532
lsql-lts-lt.ini,SGH222T6M2,tcaine,2014_01_16_15_47_53,hycreate_01,3,1.530
lsql-lts-lt.ini,SGH222T6M2,tcaine,2014_01_16_15_47_53,hycreate_01,4,1.552
lsql-lts-lt.ini,SGH222T6M2,tcaine,2014_01_16_15_47_53,hycreate_01,5,1.487
lsql-lts-lt.ini,SGH222T6M2,tcaine,2014_01_16_15_47_53,hycreate_01_02,1,1.063
lsql-lts-lt.ini,SGH222T6M2,tcaine,2014_01_16_15_47_53,hycreate_01_02,2,1.064
lsql-lts-lt.ini,SGH222T6M2,tcaine,2014_01_16_15_47_53,hycreate_01_02,3,1.054
lsql-lts-lt.ini,SGH222T6M2,tcaine,2014_01_16_15_47_53,hycreate_01_02,4,1.065
lsql-lts-lt.ini,SGH222T6M2,tcaine,2014_01_16_15_47_53,hycreate_01_02,5,1.049
lsql-mts-lt.ini,SGH222T6M2,tcaine,2014_01_16_15_48_08,hycreate_01,1,1.622
lsql-mts-lt.ini,SGH222T6M2,tcaine,2014_01_16_15_48_08,hycreate_01,2,1.536
lsql-mts-lt.ini,SGH222T6M2,tcaine,2014_01_16_15_48_08,hycreate_01,3,1.530
lsql-mts-lt.ini,SGH222T6M2,tcaine,2014_01_16_15_48_08,hycreate_01,4,1.529
lsql-mts-lt.ini,SGH222T6M2,tcaine,2014_01_16_15_48_08,hycreate_01,5,1.519
lsql-mts-lt.ini,SGH222T6M2,tcaine,2014_01_16_15_48_08,hycreate_01_02,1,1.057
lsql-mts-lt.ini,SGH222T6M2,tcaine,2014_01_16_15_48_08,hycreate_01_02,2,1.074
lsql-mts-lt.ini,SGH222T6M2,tcaine,2014_01_16_15_48_08,hycreate_01_02,3,1.054
lsql-mts-lt.ini,SGH222T6M2,tcaine,2014_01_16_15_48_08,hycreate_01_02,4,1.064
lsql-mts-lt.ini,SGH222T6M2,tcaine,2014_01_16_15_48_08,hycreate_01_02,5,1.065
nsql-lts-lt.ini,SGH222T6M2,tcaine,2014_01_16_15_48_23,hycreate_01,1,2.175
nsql-lts-lt.ini,SGH222T6M2,tcaine,2014_01_16_15_48_23,hycreate_01,2,2.101
nsql-lts-lt.ini,SGH222T6M2,tcaine,2014_01_16_15_48_23,hycreate_01,3,2.019
nsql-lts-lt.ini,SGH222T6M2,tcaine,2014_01_16_15_48_23,hycreate_01,4,2.025
nsql-lts-lt.ini,SGH222T6M2,tcaine,2014_01_16_15_48_23,hycreate_01,5,2.020
nsql-lts-lt.ini,SGH222T6M2,tcaine,2014_01_16_15_48_23,hycreate_01_02,1,1.395
nsql-lts-lt.ini,SGH222T6M2,tcaine,2014_01_16_15_48_23,hycreate_01_02,2,1.574
nsql-lts-lt.ini,SGH222T6M2,tcaine,2014_01_16_15_48_23,hycreate_01_02,3,1.494
nsql-lts-lt.ini,SGH222T6M2,tcaine,2014_01_16_15_48_23,hycreate_01_02,4,1.477
nsql-lts-lt.ini,SGH222T6M2,tcaine,2014_01_16_15_48_23,hycreate_01_02,5,1.416
nsql-mts-lt.ini,SGH222T6M2,tcaine,2014_01_16_15_48_43,hycreate_01,1,2.211
nsql-mts-lt.ini,SGH222T6M2,tcaine,2014_01_16_15_48_43,hycreate_01,2,2.112
nsql-mts-lt.ini,SGH222T6M2,tcaine,2014_01_16_15_48_43,hycreate_01,3,2.009
nsql-mts-lt.ini,SGH222T6M2,tcaine,2014_01_16_15_48_43,hycreate_01,4,1.957
nsql-mts-lt.ini,SGH222T6M2,tcaine,2014_01_16_15_48_43,hycreate_01,5,1.985
nsql-mts-lt.ini,SGH222T6M2,tcaine,2014_01_16_15_48_43,hycreate_01_02,1,1.516
nsql-mts-lt.ini,SGH222T6M2,tcaine,2014_01_16_15_48_43,hycreate_01_02,2,1.577
nsql-mts-lt.ini,SGH222T6M2,tcaine,2014_01_16_15_48_43,hycreate_01_02,3,1.390
nsql-mts-lt.ini,SGH222T6M2,tcaine,2014_01_16_15_48_43,hycreate_01_02,4,1.464
nsql-mts-lt.ini,SGH222T6M2,tcaine,2014_01_16_15_48_43,hycreate_01_02,5,1.434
lfp-lts-mt.ini,SGH222T6M2,tcaine,2014_01_16_15_49_04,hycreate_01,1,1.410
lfp-lts-mt.ini,SGH222T6M2,tcaine,2014_01_16_15_49_04,hycreate_01,2,1.173
lfp-lts-mt.ini,SGH222T6M2,tcaine,2014_01_16_15_49_04,hycreate_01,3,1.244
lfp-lts-mt.ini,SGH222T6M2,tcaine,2014_01_16_15_49_04,hycreate_01,4,1.302
lfp-lts-mt.ini,SGH222T6M2,tcaine,2014_01_16_15_49_04,hycreate_01,5,1.280
lfp-lts-mt.ini,SGH222T6M2,tcaine,2014_01_16_15_49_04,hycreate_01_02,1,0.751
lfp-lts-mt.ini,SGH222T6M2,tcaine,2014_01_16_15_49_04,hycreate_01_02,2,0.746
lfp-lts-mt.ini,SGH222T6M2,tcaine,2014_01_16_15_49_04,hycreate_01_02,3,0.717
lfp-lts-mt.ini,SGH222T6M2,tcaine,2014_01_16_15_49_04,hycreate_01_02,4,0.738
lfp-lts-mt.ini,SGH222T6M2,tcaine,2014_01_16_15_49_04,hycreate_01_02,5,0.695
lfp-mts-mt.ini,SGH222T6M2,tcaine,2014_01_16_15_49_17,hycreate_01,1,1.250
lfp-mts-mt.ini,SGH222T6M2,tcaine,2014_01_16_15_49_17,hycreate_01,2,1.131
lfp-mts-mt.ini,SGH222T6M2,tcaine,2014_01_16_15_49_17,hycreate_01,3,1.175
lfp-mts-mt.ini,SGH222T6M2,tcaine,2014_01_16_15_49_17,hycreate_01,4,1.197
lfp-mts-mt.ini,SGH222T6M2,tcaine,2014_01_16_15_49_17,hycreate_01,5,1.135
lfp-mts-mt.ini,SGH222T6M2,tcaine,2014_01_16_15_49_17,hycreate_01_02,1,0.652
lfp-mts-mt.ini,SGH222T6M2,tcaine,2014_01_16_15_49_17,hycreate_01_02,2,0.686
lfp-mts-mt.ini,SGH222T6M2,tcaine,2014_01_16_15_49_17,hycreate_01_02,3,0.681
lfp-mts-mt.ini,SGH222T6M2,tcaine,2014_01_16_15_49_17,hycreate_01_02,4,0.756
lfp-mts-mt.ini,SGH222T6M2,tcaine,2014_01_16_15_49_17,hycreate_01_02,5,0.692
mfp-lts-mt.ini,SGH222T6M2,tcaine,2014_01_16_15_49_30,hycreate_01,1,1.520
mfp-lts-mt.ini,SGH222T6M2,tcaine,2014_01_16_15_49_30,hycreate_01,2,1.339
mfp-lts-mt.ini,SGH222T6M2,tcaine,2014_01_16_15_49_30,hycreate_01,3,1.299
mfp-lts-mt.ini,SGH222T6M2,tcaine,2014_01_16_15_49_30,hycreate_01,4,1.287
mfp-lts-mt.ini,SGH222T6M2,tcaine,2014_01_16_15_49_30,hycreate_01,5,1.528
mfp-lts-mt.ini,SGH222T6M2,tcaine,2014_01_16_15_49_30,hycreate_01_02,1,0.822
mfp-lts-mt.ini,SGH222T6M2,tcaine,2014_01_16_15_49_30,hycreate_01_02,2,0.892
mfp-lts-mt.ini,SGH222T6M2,tcaine,2014_01_16_15_49_30,hycreate_01_02,3,0.776
mfp-lts-mt.ini,SGH222T6M2,tcaine,2014_01_16_15_49_30,hycreate_01_02,4,0.806
mfp-lts-mt.ini,SGH222T6M2,tcaine,2014_01_16_15_49_30,hycreate_01_02,5,0.768
mfp-mts-mt.ini,SGH222T6M2,tcaine,2014_01_16_15_49_44,hycreate_01,1,1.491
mfp-mts-mt.ini,SGH222T6M2,tcaine,2014_01_16_15_49_44,hycreate_01,2,1.302
mfp-mts-mt.ini,SGH222T6M2,tcaine,2014_01_16_15_49_44,hycreate_01,3,1.338
mfp-mts-mt.ini,SGH222T6M2,tcaine,2014_01_16_15_49_44,hycreate_01,4,1.376
mfp-mts-mt.ini,SGH222T6M2,tcaine,2014_01_16_15_49_44,hycreate_01,5,1.364
mfp-mts-mt.ini,SGH222T6M2,tcaine,2014_01_16_15_49_44,hycreate_01_02,1,0.848
mfp-mts-mt.ini,SGH222T6M2,tcaine,2014_01_16_15_49_44,hycreate_01_02,2,0.830
mfp-mts-mt.ini,SGH222T6M2,tcaine,2014_01_16_15_49_44,hycreate_01_02,3,0.816
mfp-mts-mt.ini,SGH222T6M2,tcaine,2014_01_16_15_49_44,hycreate_01_02,4,0.911
mfp-mts-mt.ini,SGH222T6M2,tcaine,2014_01_16_15_49_44,hycreate_01_02,5,0.836
lsql-lts-mt.ini,SGH222T6M2,tcaine,2014_01_16_15_49_58,hycreate_01,1,1.933
lsql-lts-mt.ini,SGH222T6M2,tcaine,2014_01_16_15_49_58,hycreate_01,2,1.688
lsql-lts-mt.ini,SGH222T6M2,tcaine,2014_01_16_15_49_58,hycreate_01,3,1.774
lsql-lts-mt.ini,SGH222T6M2,tcaine,2014_01_16_15_49_58,hycreate_01,4,1.770
lsql-lts-mt.ini,SGH222T6M2,tcaine,2014_01_16_15_49_58,hycreate_01,5,1.753
lsql-lts-mt.ini,SGH222T6M2,tcaine,2014_01_16_15_49_58,hycreate_01_02,1,1.261
lsql-lts-mt.ini,SGH222T6M2,tcaine,2014_01_16_15_49_58,hycreate_01_02,2,1.191
lsql-lts-mt.ini,SGH222T6M2,tcaine,2014_01_16_15_49_58,hycreate_01_02,3,1.182
lsql-lts-mt.ini,SGH222T6M2,tcaine,2014_01_16_15_49_58,hycreate_01_02,4,1.206
lsql-lts-mt.ini,SGH222T6M2,tcaine,2014_01_16_15_49_58,hycreate_01_02,5,1.156
lsql-mts-mt.ini,SGH222T6M2,tcaine,2014_01_16_15_50_16,hycreate_01,1,1.942
lsql-mts-mt.ini,SGH222T6M2,tcaine,2014_01_16_15_50_16,hycreate_01,2,1.739
lsql-mts-mt.ini,SGH222T6M2,tcaine,2014_01_16_15_50_16,hycreate_01,3,1.744
lsql-mts-mt.ini,SGH222T6M2,tcaine,2014_01_16_15_50_16,hycreate_01,4,1.779
lsql-mts-mt.ini,SGH222T6M2,tcaine,2014_01_16_15_50_16,hycreate_01,5,1.754
lsql-mts-mt.ini,SGH222T6M2,tcaine,2014_01_16_15_50_16,hycreate_01_02,1,1.162
lsql-mts-mt.ini,SGH222T6M2,tcaine,2014_01_16_15_50_16,hycreate_01_02,2,1.188
lsql-mts-mt.ini,SGH222T6M2,tcaine,2014_01_16_15_50_16,hycreate_01_02,3,1.287
lsql-mts-mt.ini,SGH222T6M2,tcaine,2014_01_16_15_50_16,hycreate_01_02,4,1.197
lsql-mts-mt.ini,SGH222T6M2,tcaine,2014_01_16_15_50_16,hycreate_01_02,5,1.195
nsql-lts-mt.ini,SGH222T6M2,tcaine,2014_01_16_15_50_35,hycreate_01,1,2.451
nsql-lts-mt.ini,SGH222T6M2,tcaine,2014_01_16_15_50_35,hycreate_01,2,2.140
nsql-lts-mt.ini,SGH222T6M2,tcaine,2014_01_16_15_50_35,hycreate_01,3,2.269
nsql-lts-mt.ini,SGH222T6M2,tcaine,2014_01_16_15_50_35,hycreate_01,4,2.144
nsql-lts-mt.ini,SGH222T6M2,tcaine,2014_01_16_15_50_35,hycreate_01,5,2.241
nsql-lts-mt.ini,SGH222T6M2,tcaine,2014_01_16_15_50_35,hycreate_01_02,1,1.577
nsql-lts-mt.ini,SGH222T6M2,tcaine,2014_01_16_15_50_35,hycreate_01_02,2,1.614
nsql-lts-mt.ini,SGH222T6M2,tcaine,2014_01_16_15_50_35,hycreate_01_02,3,1.551
nsql-lts-mt.ini,SGH222T6M2,tcaine,2014_01_16_15_50_35,hycreate_01_02,4,1.586
nsql-lts-mt.ini,SGH222T6M2,tcaine,2014_01_16_15_50_35,hycreate_01_02,5,1.546
nsql-mts-mt.ini,SGH222T6M2,tcaine,2014_01_16_15_50_57,hycreate_01,1,2.360
nsql-mts-mt.ini,SGH222T6M2,tcaine,2014_01_16_15_50_57,hycreate_01,2,2.161
nsql-mts-mt.ini,SGH222T6M2,tcaine,2014_01_16_15_50_57,hycreate_01,3,2.155
nsql-mts-mt.ini,SGH222T6M2,tcaine,2014_01_16_15_50_57,hycreate_01,4,2.342
nsql-mts-mt.ini,SGH222T6M2,tcaine,2014_01_16_15_50_57,hycreate_01,5,2.183
nsql-mts-mt.ini,SGH222T6M2,tcaine,2014_01_16_15_50_57,hycreate_01_02,1,1.554
nsql-mts-mt.ini,SGH222T6M2,tcaine,2014_01_16_15_50_57,hycreate_01_02,2,1.595
nsql-mts-mt.ini,SGH222T6M2,tcaine,2014_01_16_15_50_57,hycreate_01_02,3,1.509
nsql-mts-mt.ini,SGH222T6M2,tcaine,2014_01_16_15_50_57,hycreate_01_02,4,1.683
nsql-mts-mt.ini,SGH222T6M2,tcaine,2014_01_16_15_50_57,hycreate_01_02,5,1.702